mean_mfcc1,mean_mfcc2,mean_mfcc3,mean_mfcc4,mean_mfcc5,mean_mfcc6,mean_mfcc7,mean_mfcc8,mean_mfcc9,mean_mfcc10,mean_mfcc11,mean_mfcc12,mean_mfcc13,mean_zcr,mean_centroid,mean_RMSE,label
-740.4977416992188,22.549158096313477,-111.60099029541016,-24.007831573486328,-6.211963176727295,8.846571922302246,-16.08426856994629,-4.560791969299316,-1.004605770111084,5.1839189529418945,7.439083099365234,1.8807474374771118,-3.0565385818481445,0.21077473958333334,1318.4428518830534,0.004039298743009567,1
